{"Validation/Precision_micro":0.6728090047836304,"Validation/Accuracy_micro":0.9293554425239563,"Validation/Recall_micro":0.316535085439682,"Validation/Threshold":0.5,"_runtime":53659,"_timestamp":1.769064077851362e+09,"Validation/F1_macro":0.057480357587337494,"Validation/AUROC_macro":0.7309084534645081,"_step":49,"Validation/F1_micro":0.43052294850349426,"_wandb":{"runtime":53659},"Validation/Loss":0.19812854010209074}