{"Validation/Recall_micro":0.30645614862442017,"Validation/Threshold":0.5,"Validation/F1_micro":0.42625361680984497,"Validation/Precision_micro":0.6998229622840881,"Validation/F1_macro":0.049040913581848145,"_runtime":64567,"Validation/Loss":0.19928157913803926,"Validation/AUROC_macro":0.7014687061309814,"_timestamp":1.7688949781481712e+09,"Validation/Accuracy_micro":0.9304019212722778,"_step":46,"_wandb":{"runtime":64567}}